,Energy_Price,Unit_Of_Measure,Date,Energy_ID,Energy_Type
0,29.6,Cents per litre,1990-01,1,Electricity
1,31.5,Cents per litre,1990-02,1,Electricity
2,32.1,Cents per litre,1990-03,1,Electricity
3,32.1,Cents per litre,1990-04,1,Electricity
4,32.1,Cents per litre,1990-05,1,Electricity
5,32.1,Cents per litre,1990-06,1,Electricity
6,32.1,Cents per litre,1990-07,1,Electricity
7,32.1,Cents per litre,1990-08,1,Electricity
8,32.1,Cents per litre,1990-09,1,Electricity
9,32.1,Cents per litre,1990-10,1,Electricity
10,39.0,Cents per litre,1990-11,1,Electricity
11,43.0,Cents per litre,1990-12,1,Electricity
12,46.0,Cents per litre,1991-01,1,Electricity
13,43.0,Cents per litre,1991-02,1,Electricity
14,39.9,Cents per litre,1991-03,1,Electricity
15,34.9,Cents per litre,1991-04,1,Electricity
16,34.9,Cents per litre,1991-05,1,Electricity
17,34.9,Cents per litre,1991-06,1,Electricity
18,34.9,Cents per litre,1991-07,1,Electricity
19,34.9,Cents per litre,1991-08,1,Electricity
20,34.9,Cents per litre,1991-09,1,Electricity
21,34.9,Cents per litre,1991-10,1,Electricity
22,36.5,Cents per litre,1991-11,1,Electricity
23,36.5,Cents per litre,1991-12,1,Electricity
24,36.5,Cents per litre,1992-01,1,Electricity
25,36.5,Cents per litre,1992-02,1,Electricity
26,36.5,Cents per litre,1992-03,1,Electricity
27,36.5,Cents per litre,1992-04,1,Electricity
28,36.5,Cents per litre,1992-05,1,Electricity
29,36.5,Cents per litre,1992-06,1,Electricity
30,36.5,Cents per litre,1992-07,1,Electricity
31,36.5,Cents per litre,1992-08,1,Electricity
32,36.5,Cents per litre,1992-09,1,Electricity
33,36.5,Cents per litre,1992-10,1,Electricity
34,36.5,Cents per litre,1992-11,1,Electricity
35,36.5,Cents per litre,1992-12,1,Electricity
36,36.5,Cents per litre,1993-01,1,Electricity
37,36.5,Cents per litre,1993-02,1,Electricity
38,36.5,Cents per litre,1993-03,1,Electricity
39,36.5,Cents per litre,1993-04,1,Electricity
40,36.5,Cents per litre,1993-05,1,Electricity
41,36.5,Cents per litre,1993-06,1,Electricity
42,36.5,Cents per litre,1993-07,1,Electricity
43,36.5,Cents per litre,1993-08,1,Electricity
44,36.5,Cents per litre,1993-09,1,Electricity
45,36.5,Cents per litre,1993-10,1,Electricity
46,36.5,Cents per litre,1993-11,1,Electricity
47,36.5,Cents per litre,1993-12,1,Electricity
48,36.5,Cents per litre,1994-01,1,Electricity
49,36.5,Cents per litre,1994-02,1,Electricity
50,33.3,Cents per litre,1994-03,1,Electricity
51,33.3,Cents per litre,1994-04,1,Electricity
52,33.3,Cents per litre,1994-05,1,Electricity
53,33.3,Cents per litre,1994-06,1,Electricity
54,33.3,Cents per litre,1994-07,1,Electricity
55,33.3,Cents per litre,1994-08,1,Electricity
56,33.3,Cents per litre,1994-09,1,Electricity
57,33.3,Cents per litre,1994-10,1,Electricity
58,33.3,Cents per litre,1994-11,1,Electricity
59,33.3,Cents per litre,1994-12,1,Electricity
60,33.4,Cents per litre,1995-01,1,Electricity
61,33.4,Cents per litre,1995-02,1,Electricity
62,34.4,Cents per litre,1995-03,1,Electricity
63,34.4,Cents per litre,1995-04,1,Electricity
64,34.4,Cents per litre,1995-05,1,Electricity
65,34.4,Cents per litre,1995-06,1,Electricity
66,34.4,Cents per litre,1995-07,1,Electricity
67,34.4,Cents per litre,1995-08,1,Electricity
68,34.4,Cents per litre,1995-09,1,Electricity
69,33.4,Cents per litre,1995-10,1,Electricity
70,33.4,Cents per litre,1995-11,1,Electricity
71,33.5,Cents per litre,1995-12,1,Electricity
72,35.7,Cents per litre,1996-01,1,Electricity
73,36.4,Cents per litre,1996-02,1,Electricity
74,36.7,Cents per litre,1996-03,1,Electricity
75,36.7,Cents per litre,1996-04,1,Electricity
76,37.3,Cents per litre,1996-05,1,Electricity
77,37.3,Cents per litre,1996-06,1,Electricity
78,37.3,Cents per litre,1996-07,1,Electricity
79,37.3,Cents per litre,1996-08,1,Electricity
80,38.2,Cents per litre,1996-09,1,Electricity
81,41.0,Cents per litre,1996-10,1,Electricity
82,43.2,Cents per litre,1996-11,1,Electricity
83,44.6,Cents per litre,1996-12,1,Electricity
84,44.8,Cents per litre,1997-01,1,Electricity
85,44.8,Cents per litre,1997-02,1,Electricity
86,42.6,Cents per litre,1997-03,1,Electricity
87,45.0,Cents per litre,1997-04,1,Electricity
88,43.1,Cents per litre,1997-05,1,Electricity
89,43.1,Cents per litre,1997-06,1,Electricity
90,43.1,Cents per litre,1997-07,1,Electricity
91,43.1,Cents per litre,1997-08,1,Electricity
92,41.2,Cents per litre,1997-09,1,Electricity
93,40.9,Cents per litre,1997-10,1,Electricity
94,40.9,Cents per litre,1997-11,1,Electricity
95,40.9,Cents per litre,1997-12,1,Electricity
96,40.4,Cents per litre,1998-01,1,Electricity
97,39.3,Cents per litre,1998-02,1,Electricity
98,36.9,Cents per litre,1998-03,1,Electricity
99,36.8,Cents per litre,1998-04,1,Electricity
100,36.8,Cents per litre,1998-05,1,Electricity
101,36.8,Cents per litre,1998-06,1,Electricity
102,36.8,Cents per litre,1998-07,1,Electricity
103,36.8,Cents per litre,1998-08,1,Electricity
104,36.8,Cents per litre,1998-09,1,Electricity
105,36.2,Cents per litre,1998-10,1,Electricity
106,34.7,Cents per litre,1998-11,1,Electricity
107,34.3,Cents per litre,1998-12,1,Electricity
108,33.9,Cents per litre,1999-01,1,Electricity
109,33.9,Cents per litre,1999-02,1,Electricity
110,32.0,Cents per litre,1999-03,1,Electricity
111,37.3,Cents per litre,1999-04,1,Electricity
112,36.6,Cents per litre,1999-05,1,Electricity
113,36.6,Cents per litre,1999-06,1,Electricity
114,36.6,Cents per litre,1999-07,1,Electricity
115,39.2,Cents per litre,1999-08,1,Electricity
116,42.8,Cents per litre,1999-09,1,Electricity
117,44.3,Cents per litre,1999-10,1,Electricity
118,44.9,Cents per litre,1999-11,1,Electricity
119,48.2,Cents per litre,1999-12,1,Electricity
120,49.0,Cents per litre,2000-01,1,Electricity
121,60.5,Cents per litre,2000-02,1,Electricity
122,57.0,Cents per litre,2000-03,1,Electricity
123,50.9,Cents per litre,2000-04,1,Electricity
124,50.9,Cents per litre,2000-05,1,Electricity
125,50.9,Cents per litre,2000-06,1,Electricity
126,50.9,Cents per litre,2000-07,1,Electricity
127,50.9,Cents per litre,2000-08,1,Electricity
128,60.1,Cents per litre,2000-09,1,Electricity
129,62.0,Cents per litre,2000-10,1,Electricity
130,62.4,Cents per litre,2000-11,1,Electricity
131,67.5,Cents per litre,2000-12,1,Electricity
132,59.2,Cents per litre,2001-01,1,Electricity
133,57.8,Cents per litre,2001-02,1,Electricity
134,56.4,Cents per litre,2001-03,1,Electricity
135,56.3,Cents per litre,2001-04,1,Electricity
136,56.7,Cents per litre,2001-05,1,Electricity
137,56.7,Cents per litre,2001-06,1,Electricity
138,56.7,Cents per litre,2001-07,1,Electricity
139,56.7,Cents per litre,2001-08,1,Electricity
140,53.2,Cents per litre,2001-09,1,Electricity
141,51.3,Cents per litre,2001-10,1,Electricity
142,49.0,Cents per litre,2001-11,1,Electricity
143,46.3,Cents per litre,2001-12,1,Electricity
144,45.7,Cents per litre,2002-01,1,Electricity
145,47.1,Cents per litre,2002-02,1,Electricity
146,49.4,Cents per litre,2002-03,1,Electricity
147,53.2,Cents per litre,2002-04,1,Electricity
148,53.2,Cents per litre,2002-05,1,Electricity
149,53.2,Cents per litre,2002-06,1,Electricity
150,53.2,Cents per litre,2002-07,1,Electricity
151,53.2,Cents per litre,2002-08,1,Electricity
152,56.6,Cents per litre,2002-09,1,Electricity
153,57.8,Cents per litre,2002-10,1,Electricity
154,58.9,Cents per litre,2002-11,1,Electricity
155,58.2,Cents per litre,2002-12,1,Electricity
156,62.8,Cents per litre,2003-01,1,Electricity
157,71.0,Cents per litre,2003-02,1,Electricity
158,79.2,Cents per litre,2003-03,1,Electricity
159,70.4,Cents per litre,2003-04,1,Electricity
160,57.8,Cents per litre,2003-05,1,Electricity
161,57.8,Cents per litre,2003-06,1,Electricity
162,57.8,Cents per litre,2003-07,1,Electricity
163,57.8,Cents per litre,2003-08,1,Electricity
164,54.7,Cents per litre,2003-09,1,Electricity
165,54.7,Cents per litre,2003-10,1,Electricity
166,54.7,Cents per litre,2003-11,1,Electricity
167,58.3,Cents per litre,2003-12,1,Electricity
168,62.6,Cents per litre,2004-01,1,Electricity
169,63.7,Cents per litre,2004-02,1,Electricity
170,62.6,Cents per litre,2004-03,1,Electricity
171,63.6,Cents per litre,2004-04,1,Electricity
172,68.4,Cents per litre,2004-05,1,Electricity
173,68.4,Cents per litre,2004-06,1,Electricity
174,68.4,Cents per litre,2004-07,1,Electricity
175,68.4,Cents per litre,2004-08,1,Electricity
176,70.4,Cents per litre,2004-09,1,Electricity
177,71.9,Cents per litre,2004-10,1,Electricity
178,78.5,Cents per litre,2004-11,1,Electricity
179,74.6,Cents per litre,2004-12,1,Electricity
180,74.6,Cents per litre,2005-01,1,Electricity
181,75.8,Cents per litre,2005-02,1,Electricity
182,80.4,Cents per litre,2005-03,1,Electricity
183,81.9,Cents per litre,2005-04,1,Electricity
184,81.5,Cents per litre,2005-05,1,Electricity
185,81.5,Cents per litre,2005-06,1,Electricity
186,81.5,Cents per litre,2005-07,1,Electricity
187,81.5,Cents per litre,2005-08,1,Electricity
188,92.7,Cents per litre,2005-09,1,Electricity
189,96.1,Cents per litre,2005-10,1,Electricity
190,91.9,Cents per litre,2005-11,1,Electricity
191,84.2,Cents per litre,2005-12,1,Electricity
192,88.8,Cents per litre,2006-01,1,Electricity
193,88.4,Cents per litre,2006-02,1,Electricity
194,85.4,Cents per litre,2006-03,1,Electricity
195,90.0,Cents per litre,2006-04,1,Electricity
196,95.0,Cents per litre,2006-05,1,Electricity
197,95.0,Cents per litre,2006-06,1,Electricity
198,94.1,Cents per litre,2006-07,1,Electricity
199,94.1,Cents per litre,2006-08,1,Electricity
200,89.2,Cents per litre,2006-09,1,Electricity
201,80.9,Cents per litre,2006-10,1,Electricity
202,78.6,Cents per litre,2006-11,1,Electricity
203,75.5,Cents per litre,2006-12,1,Electricity
204,78.0,Cents per litre,2007-01,1,Electricity
205,79.1,Cents per litre,2007-02,1,Electricity
206,81.5,Cents per litre,2007-03,1,Electricity
207,83.6,Cents per litre,2007-04,1,Electricity
208,83.6,Cents per litre,2007-05,1,Electricity
209,83.6,Cents per litre,2007-06,1,Electricity
210,83.6,Cents per litre,2007-07,1,Electricity
211,83.6,Cents per litre,2007-08,1,Electricity
212,83.7,Cents per litre,2007-09,1,Electricity
213,83.7,Cents per litre,2007-10,1,Electricity
214,88.2,Cents per litre,2007-11,1,Electricity
215,96.0,Cents per litre,2007-12,1,Electricity
216,99.3,Cents per litre,2008-01,1,Electricity
217,98.3,Cents per litre,2008-02,1,Electricity
218,100.7,Cents per litre,2008-03,1,Electricity
219,110.9,Cents per litre,2008-04,1,Electricity
220,116.8,Cents per litre,2008-05,1,Electricity
221,116.8,Cents per litre,2008-06,1,Electricity
222,116.8,Cents per litre,2008-07,1,Electricity
223,116.8,Cents per litre,2008-08,1,Electricity
224,117.9,Cents per litre,2008-09,1,Electricity
225,109.1,Cents per litre,2008-10,1,Electricity
226,89.7,Cents per litre,2008-11,1,Electricity
227,83.0,Cents per litre,2008-12,1,Electricity
228,77.3,Cents per litre,2009-01,1,Electricity
229,71.8,Cents per litre,2009-02,1,Electricity
230,68.0,Cents per litre,2009-03,1,Electricity
231,74.6,Cents per litre,2009-04,1,Electricity
232,71.1,Cents per litre,2009-05,1,Electricity
233,71.1,Cents per litre,2009-06,1,Electricity
234,71.1,Cents per litre,2009-07,1,Electricity
235,71.1,Cents per litre,2009-08,1,Electricity
236,77.2,Cents per litre,2009-09,1,Electricity
237,73.9,Cents per litre,2009-10,1,Electricity
238,82.5,Cents per litre,2009-11,1,Electricity
239,82.5,Cents per litre,2009-12,1,Electricity
240,86.3,Cents per litre,2010-01,1,Electricity
241,83.2,Cents per litre,2010-02,1,Electricity
242,83.2,Cents per litre,2010-03,1,Electricity
243,84.6,Cents per litre,2010-04,1,Electricity
244,84.6,Cents per litre,2010-05,1,Electricity
245,84.6,Cents per litre,2010-06,1,Electricity
246,84.6,Cents per litre,2010-07,1,Electricity
247,84.6,Cents per litre,2010-08,1,Electricity
248,84.6,Cents per litre,2010-09,1,Electricity
249,86.0,Cents per litre,2010-10,1,Electricity
250,87.0,Cents per litre,2010-11,1,Electricity
251,90.2,Cents per litre,2010-12,1,Electricity
252,95.4,Cents per litre,2011-01,1,Electricity
253,99.2,Cents per litre,2011-02,1,Electricity
254,107.7,Cents per litre,2011-03,1,Electricity
255,111.7,Cents per litre,2011-04,1,Electricity
256,108.9,Cents per litre,2011-05,1,Electricity
257,108.9,Cents per litre,2011-06,1,Electricity
258,108.9,Cents per litre,2011-07,1,Electricity
259,108.9,Cents per litre,2011-08,1,Electricity
260,106.5,Cents per litre,2011-09,1,Electricity
261,106.0,Cents per litre,2011-10,1,Electricity
262,109.0,Cents per litre,2011-11,1,Electricity
263,111.3,Cents per litre,2011-12,1,Electricity
264,112.9,Cents per litre,2012-01,1,Electricity
265,113.4,Cents per litre,2012-02,1,Electricity
266,115.6,Cents per litre,2012-03,1,Electricity
267,114.7,Cents per litre,2012-04,1,Electricity
268,111.1,Cents per litre,2012-05,1,Electricity
269,111.1,Cents per litre,2012-06,1,Electricity
270,111.1,Cents per litre,2012-07,1,Electricity
271,111.1,Cents per litre,2012-08,1,Electricity
272,109.6,Cents per litre,2012-09,1,Electricity
273,110.9,Cents per litre,2012-10,1,Electricity
274,112.6,Cents per litre,2012-11,1,Electricity
275,112.6,Cents per litre,2012-12,1,Electricity
276,112.4,Cents per litre,2013-01,1,Electricity
277,118.7,Cents per litre,2013-02,1,Electricity
278,118.8,Cents per litre,2013-03,1,Electricity
279,115.1,Cents per litre,2013-04,1,Electricity
280,110.6,Cents per litre,2013-05,1,Electricity
281,109.5,Cents per litre,2013-06,1,Electricity
282,112.4,Cents per litre,2013-07,1,Electricity
283,112.4,Cents per litre,2013-08,1,Electricity
284,114.3,Cents per litre,2013-09,1,Electricity
285,113.6,Cents per litre,2013-10,1,Electricity
286,115.7,Cents per litre,2013-11,1,Electricity
287,118.9,Cents per litre,2013-12,1,Electricity
288,125.0,Cents per litre,2014-01,1,Electricity
289,130.8,Cents per litre,2014-02,1,Electricity
290,132.2,Cents per litre,2014-03,1,Electricity
291,131.0,Cents per litre,2014-04,1,Electricity
292,129.3,Cents per litre,2014-05,1,Electricity
293,128.7,Cents per litre,2014-06,1,Electricity
294,127.3,Cents per litre,2014-07,1,Electricity
295,125.5,Cents per litre,2014-08,1,Electricity
296,124.5,Cents per litre,2014-09,1,Electricity
297,121.3,Cents per litre,2014-10,1,Electricity
298,117.9,Cents per litre,2014-11,1,Electricity
299,113.6,Cents per litre,2014-12,1,Electricity
300,103.4,Cents per litre,2015-01,1,Electricity
301,104.2,Cents per litre,2015-02,1,Electricity
302,116.5,Cents per litre,2015-03,1,Electricity
303,106.3,Cents per litre,2015-04,1,Electricity
304,102.1,Cents per litre,2015-05,1,Electricity
305,101.8,Cents per litre,2015-06,1,Electricity
306,101.8,Cents per litre,2015-07,1,Electricity
307,94.0,Cents per litre,2015-08,1,Electricity
308,89.8,Cents per litre,2015-09,1,Electricity
309,93.0,Cents per litre,2015-10,1,Electricity
310,90.4,Cents per litre,2015-11,1,Electricity
311,88.3,Cents per litre,2015-12,1,Electricity
312,84.1,Cents per litre,2016-01,1,Electricity
313,81.5,Cents per litre,2016-02,1,Electricity
314,81.6,Cents per litre,2016-03,1,Electricity
315,84.8,Cents per litre,2016-04,1,Electricity
316,87.4,Cents per litre,2016-05,1,Electricity
317,88.3,Cents per litre,2016-06,1,Electricity
318,88.8,Cents per litre,2016-07,1,Electricity
319,88.8,Cents per litre,2016-08,1,Electricity
320,89.3,Cents per litre,2016-09,1,Electricity
321,87.7,Cents per litre,2016-10,1,Electricity
322,89.9,Cents per litre,2016-11,1,Electricity
323,92.2,Cents per litre,2016-12,1,Electricity
324,96.2,Cents per litre,2017-01,1,Electricity
325,96.1,Cents per litre,2017-02,1,Electricity
326,96.7,Cents per litre,2017-03,1,Electricity
327,95.7,Cents per litre,2017-04,1,Electricity
328,94.5,Cents per litre,2017-05,1,Electricity
329,94.5,Cents per litre,2017-06,1,Electricity
330,93.0,Cents per litre,2017-07,1,Electricity
331,93.0,Cents per litre,2017-08,1,Electricity
332,91.6,Cents per litre,2017-09,1,Electricity
333,92.1,Cents per litre,2017-10,1,Electricity
334,94.4,Cents per litre,2017-11,1,Electricity
335,96.1,Cents per litre,2017-12,1,Electricity
336,105.1,Cents per litre,2018-01,1,Electricity
337,106.4,Cents per litre,2018-02,1,Electricity
338,106.8,Cents per litre,2018-03,1,Electricity
339,106.4,Cents per litre,2018-04,1,Electricity
340,107.6,Cents per litre,2018-05,1,Electricity
341,107.9,Cents per litre,2018-06,1,Electricity
342,108.0,Cents per litre,2018-07,1,Electricity
343,108.0,Cents per litre,2018-08,1,Electricity
344,106.8,Cents per litre,2018-09,1,Electricity
345,110.2,Cents per litre,2018-10,1,Electricity
346,109.8,Cents per litre,2018-11,1,Electricity
347,103.0,Cents per litre,2018-12,1,Electricity
348,102.3,Cents per litre,2019-01,1,Electricity
349,103.8,Cents per litre,2019-02,1,Electricity
350,107.9,Cents per litre,2019-03,1,Electricity
351,107.7,Cents per litre,2019-04,1,Electricity
352,109.7,Cents per litre,2019-05,1,Electricity
353,109.3,Cents per litre,2019-06,1,Electricity
354,108.1,Cents per litre,2019-07,1,Electricity
355,103.9,Cents per litre,2019-08,1,Electricity
356,102.2,Cents per litre,2019-09,1,Electricity
357,104.1,Cents per litre,2019-10,1,Electricity
358,104.5,Cents per litre,2019-11,1,Electricity
359,105.2,Cents per litre,2019-12,1,Electricity
360,107.3,Cents per litre,2020-01,1,Electricity
361,105.9,Cents per litre,2020-02,1,Electricity
362,93.6,Cents per litre,2020-03,1,Electricity
363,79.9,Cents per litre,2020-04,1,Electricity
364,66.9,Cents per litre,2020-05,1,Electricity
365,69.7,Cents per litre,2020-06,1,Electricity
366,76.2,Cents per litre,2020-07,1,Electricity
367,79.0,Cents per litre,2020-08,1,Electricity
368,79.3,Cents per litre,2020-09,1,Electricity
369,80.8,Cents per litre,2020-10,1,Electricity
370,84.0,Cents per litre,2020-11,1,Electricity
371,90.6,Cents per litre,2020-12,1,Electricity
372,98.1,Cents per litre,2021-01,1,Electricity
373,100.7,Cents per litre,2021-02,1,Electricity
374,109.0,Cents per litre,2021-03,1,Electricity
375,111.2,Cents per litre,2021-04,1,Electricity
376,110.7,Cents per litre,2021-05,1,Electricity
377,110.0,Cents per litre,2021-06,1,Electricity
378,111.2,Cents per litre,2021-07,1,Electricity
379,111.9,Cents per litre,2021-08,1,Electricity
380,113.0,Cents per litre,2021-09,1,Electricity
381,118.8,Cents per litre,2021-10,1,Electricity
382,124.0,Cents per litre,2021-11,1,Electricity
383,124.7,Cents per litre,2021-12,1,Electricity
384,130.3,Cents per litre,2022-01,1,Electricity
385,142.7,Cents per litre,2022-02,1,Electricity
386,183.7,Cents per litre,2022-03,1,Electricity
387,182.6,Cents per litre,2022-04,1,Electricity
388,215.1,Cents per litre,2022-05,1,Electricity
389,189.6,Cents per litre,2022-06,1,Electricity
390,184.7,Cents per litre,2022-07,1,Electricity
391,174.0,Cents per litre,2022-08,1,Electricity
392,172.0,Cents per litre,2022-09,1,Electricity
393,203.6,Cents per litre,2022-10,1,Electricity
394,226.7,Cents per litre,2022-11,1,Electricity
395,184.2,Cents per litre,2022-12,1,Electricity
396,174.9,Cents per litre,2023-01,1,Electricity
397,193.5,Cents per litre,2023-02,1,Electricity
398,156.0,Cents per litre,2023-03,1,Electricity
399,139.9,Cents per litre,2023-04,1,Electricity
400,125.2,Cents per litre,2023-05,1,Electricity
401,125.3,Cents per litre,2023-06,1,Electricity
402,145.6,Cents per litre,2023-07,1,Electricity
403,166.2,Cents per litre,2023-08,1,Electricity
404,179.9,Cents per litre,2023-09,1,Electricity
405,177.8,Cents per litre,2023-10,1,Electricity
406,168.2,Cents per litre,2023-11,1,Electricity
407,163.4,Cents per litre,2023-12,1,Electricity
408,155.0,Cents per litre,2024-01,1,Electricity
409,159.0,Cents per litre,2024-02,1,Electricity
410,157.9,Cents per litre,2024-03,1,Electricity
411,152.2,Cents per litre,2024-04,1,Electricity
412,145.6,Cents per litre,2024-05,1,Electricity
413,143.0,Cents per litre,2024-06,1,Electricity
414,145.1,Cents per litre,2024-07,1,Electricity
415,145.9,Cents per litre,2024-08,1,Electricity
416,138.5,Cents per litre,2024-09,1,Electricity
417,134.9,Cents per litre,2024-10,1,Electricity
418,145.2,Cents per litre,2024-11,1,Electricity
419,150.1,Cents per litre,2024-12,1,Electricity
420,37.1,"Index, 2014=100",1981-01,2,Fuel Oil
421,37.1,"Index, 2014=100",1981-02,2,Fuel Oil
422,37.1,"Index, 2014=100",1981-03,2,Fuel Oil
423,37.1,"Index, 2014=100",1981-04,2,Fuel Oil
424,37.1,"Index, 2014=100",1981-05,2,Fuel Oil
425,37.1,"Index, 2014=100",1981-06,2,Fuel Oil
426,37.1,"Index, 2014=100",1981-07,2,Fuel Oil
427,37.1,"Index, 2014=100",1981-08,2,Fuel Oil
428,37.1,"Index, 2014=100",1981-09,2,Fuel Oil
429,37.1,"Index, 2014=100",1981-10,2,Fuel Oil
430,37.1,"Index, 2014=100",1981-11,2,Fuel Oil
431,37.1,"Index, 2014=100",1981-12,2,Fuel Oil
432,37.1,"Index, 2014=100",1982-01,2,Fuel Oil
433,37.1,"Index, 2014=100",1982-02,2,Fuel Oil
434,37.1,"Index, 2014=100",1982-03,2,Fuel Oil
435,37.1,"Index, 2014=100",1982-04,2,Fuel Oil
436,37.1,"Index, 2014=100",1982-05,2,Fuel Oil
437,37.1,"Index, 2014=100",1982-06,2,Fuel Oil
438,37.1,"Index, 2014=100",1982-07,2,Fuel Oil
439,37.1,"Index, 2014=100",1982-08,2,Fuel Oil
440,37.1,"Index, 2014=100",1982-09,2,Fuel Oil
441,37.1,"Index, 2014=100",1982-10,2,Fuel Oil
442,37.1,"Index, 2014=100",1982-11,2,Fuel Oil
443,37.1,"Index, 2014=100",1982-12,2,Fuel Oil
444,43.8,"Index, 2014=100",1983-01,2,Fuel Oil
445,43.8,"Index, 2014=100",1983-02,2,Fuel Oil
446,43.8,"Index, 2014=100",1983-03,2,Fuel Oil
447,49.3,"Index, 2014=100",1983-04,2,Fuel Oil
448,49.3,"Index, 2014=100",1983-05,2,Fuel Oil
449,49.3,"Index, 2014=100",1983-06,2,Fuel Oil
450,49.3,"Index, 2014=100",1983-07,2,Fuel Oil
451,49.3,"Index, 2014=100",1983-08,2,Fuel Oil
452,49.3,"Index, 2014=100",1983-09,2,Fuel Oil
453,49.3,"Index, 2014=100",1983-10,2,Fuel Oil
454,49.3,"Index, 2014=100",1983-11,2,Fuel Oil
455,49.3,"Index, 2014=100",1983-12,2,Fuel Oil
456,49.3,"Index, 2014=100",1984-01,2,Fuel Oil
457,49.3,"Index, 2014=100",1984-02,2,Fuel Oil
458,49.3,"Index, 2014=100",1984-03,2,Fuel Oil
459,49.3,"Index, 2014=100",1984-04,2,Fuel Oil
460,49.3,"Index, 2014=100",1984-05,2,Fuel Oil
461,49.3,"Index, 2014=100",1984-06,2,Fuel Oil
462,49.3,"Index, 2014=100",1984-07,2,Fuel Oil
463,49.3,"Index, 2014=100",1984-08,2,Fuel Oil
464,49.3,"Index, 2014=100",1984-09,2,Fuel Oil
465,49.3,"Index, 2014=100",1984-10,2,Fuel Oil
466,49.3,"Index, 2014=100",1984-11,2,Fuel Oil
467,49.3,"Index, 2014=100",1984-12,2,Fuel Oil
468,49.3,"Index, 2014=100",1985-01,2,Fuel Oil
469,49.3,"Index, 2014=100",1985-02,2,Fuel Oil
470,49.3,"Index, 2014=100",1985-03,2,Fuel Oil
471,49.3,"Index, 2014=100",1985-04,2,Fuel Oil
472,49.3,"Index, 2014=100",1985-05,2,Fuel Oil
473,49.3,"Index, 2014=100",1985-06,2,Fuel Oil
474,49.3,"Index, 2014=100",1985-07,2,Fuel Oil
475,49.3,"Index, 2014=100",1985-08,2,Fuel Oil
476,49.3,"Index, 2014=100",1985-09,2,Fuel Oil
477,49.3,"Index, 2014=100",1985-10,2,Fuel Oil
478,49.3,"Index, 2014=100",1985-11,2,Fuel Oil
479,49.3,"Index, 2014=100",1985-12,2,Fuel Oil
480,49.3,"Index, 2014=100",1986-01,2,Fuel Oil
481,49.3,"Index, 2014=100",1986-02,2,Fuel Oil
482,49.3,"Index, 2014=100",1986-03,2,Fuel Oil
483,49.3,"Index, 2014=100",1986-04,2,Fuel Oil
484,49.3,"Index, 2014=100",1986-05,2,Fuel Oil
485,49.3,"Index, 2014=100",1986-06,2,Fuel Oil
486,49.3,"Index, 2014=100",1986-07,2,Fuel Oil
487,49.3,"Index, 2014=100",1986-08,2,Fuel Oil
488,49.3,"Index, 2014=100",1986-09,2,Fuel Oil
489,49.3,"Index, 2014=100",1986-10,2,Fuel Oil
490,49.3,"Index, 2014=100",1986-11,2,Fuel Oil
491,49.3,"Index, 2014=100",1986-12,2,Fuel Oil
492,49.3,"Index, 2014=100",1987-01,2,Fuel Oil
493,49.3,"Index, 2014=100",1987-02,2,Fuel Oil
494,49.3,"Index, 2014=100",1987-03,2,Fuel Oil
495,49.3,"Index, 2014=100",1987-04,2,Fuel Oil
496,49.3,"Index, 2014=100",1987-05,2,Fuel Oil
497,49.3,"Index, 2014=100",1987-06,2,Fuel Oil
498,49.3,"Index, 2014=100",1987-07,2,Fuel Oil
499,49.3,"Index, 2014=100",1987-08,2,Fuel Oil
500,49.3,"Index, 2014=100",1987-09,2,Fuel Oil
501,49.3,"Index, 2014=100",1987-10,2,Fuel Oil
502,49.3,"Index, 2014=100",1987-11,2,Fuel Oil
503,49.3,"Index, 2014=100",1987-12,2,Fuel Oil
504,49.3,"Index, 2014=100",1988-01,2,Fuel Oil
505,49.3,"Index, 2014=100",1988-02,2,Fuel Oil
506,49.3,"Index, 2014=100",1988-03,2,Fuel Oil
507,49.3,"Index, 2014=100",1988-04,2,Fuel Oil
508,49.3,"Index, 2014=100",1988-05,2,Fuel Oil
509,49.3,"Index, 2014=100",1988-06,2,Fuel Oil
510,49.3,"Index, 2014=100",1988-07,2,Fuel Oil
511,49.3,"Index, 2014=100",1988-08,2,Fuel Oil
512,49.3,"Index, 2014=100",1988-09,2,Fuel Oil
513,49.3,"Index, 2014=100",1988-10,2,Fuel Oil
514,49.3,"Index, 2014=100",1988-11,2,Fuel Oil
515,49.3,"Index, 2014=100",1988-12,2,Fuel Oil
516,49.3,"Index, 2014=100",1989-01,2,Fuel Oil
517,49.3,"Index, 2014=100",1989-02,2,Fuel Oil
518,49.3,"Index, 2014=100",1989-03,2,Fuel Oil
519,52.1,"Index, 2014=100",1989-04,2,Fuel Oil
520,52.1,"Index, 2014=100",1989-05,2,Fuel Oil
521,52.1,"Index, 2014=100",1989-06,2,Fuel Oil
522,52.1,"Index, 2014=100",1989-07,2,Fuel Oil
523,52.1,"Index, 2014=100",1989-08,2,Fuel Oil
524,52.1,"Index, 2014=100",1989-09,2,Fuel Oil
525,52.1,"Index, 2014=100",1989-10,2,Fuel Oil
526,52.1,"Index, 2014=100",1989-11,2,Fuel Oil
527,52.1,"Index, 2014=100",1989-12,2,Fuel Oil
528,52.1,"Index, 2014=100",1990-01,2,Fuel Oil
529,52.1,"Index, 2014=100",1990-02,2,Fuel Oil
530,52.1,"Index, 2014=100",1990-03,2,Fuel Oil
531,53.5,"Index, 2014=100",1990-04,2,Fuel Oil
532,53.5,"Index, 2014=100",1990-05,2,Fuel Oil
533,53.5,"Index, 2014=100",1990-06,2,Fuel Oil
534,53.5,"Index, 2014=100",1990-07,2,Fuel Oil
535,53.5,"Index, 2014=100",1990-08,2,Fuel Oil
536,53.5,"Index, 2014=100",1990-09,2,Fuel Oil
537,53.5,"Index, 2014=100",1990-10,2,Fuel Oil
538,53.5,"Index, 2014=100",1990-11,2,Fuel Oil
539,53.5,"Index, 2014=100",1990-12,2,Fuel Oil
540,53.5,"Index, 2014=100",1991-01,2,Fuel Oil
541,53.5,"Index, 2014=100",1991-02,2,Fuel Oil
542,53.5,"Index, 2014=100",1991-03,2,Fuel Oil
543,55.9,"Index, 2014=100",1991-04,2,Fuel Oil
544,55.9,"Index, 2014=100",1991-05,2,Fuel Oil
545,55.9,"Index, 2014=100",1991-06,2,Fuel Oil
546,55.9,"Index, 2014=100",1991-07,2,Fuel Oil
547,55.9,"Index, 2014=100",1991-08,2,Fuel Oil
548,55.9,"Index, 2014=100",1991-09,2,Fuel Oil
549,55.9,"Index, 2014=100",1991-10,2,Fuel Oil
550,55.9,"Index, 2014=100",1991-11,2,Fuel Oil
551,55.9,"Index, 2014=100",1991-12,2,Fuel Oil
552,55.9,"Index, 2014=100",1992-01,2,Fuel Oil
553,55.9,"Index, 2014=100",1992-02,2,Fuel Oil
554,55.9,"Index, 2014=100",1992-03,2,Fuel Oil
555,57.0,"Index, 2014=100",1992-04,2,Fuel Oil
556,57.0,"Index, 2014=100",1992-05,2,Fuel Oil
557,57.0,"Index, 2014=100",1992-06,2,Fuel Oil
558,57.0,"Index, 2014=100",1992-07,2,Fuel Oil
559,57.0,"Index, 2014=100",1992-08,2,Fuel Oil
560,57.0,"Index, 2014=100",1992-09,2,Fuel Oil
561,57.0,"Index, 2014=100",1992-10,2,Fuel Oil
562,57.0,"Index, 2014=100",1992-11,2,Fuel Oil
563,57.0,"Index, 2014=100",1992-12,2,Fuel Oil
564,57.0,"Index, 2014=100",1993-01,2,Fuel Oil
565,57.0,"Index, 2014=100",1993-02,2,Fuel Oil
566,57.0,"Index, 2014=100",1993-03,2,Fuel Oil
567,57.7,"Index, 2014=100",1993-04,2,Fuel Oil
568,57.7,"Index, 2014=100",1993-05,2,Fuel Oil
569,57.7,"Index, 2014=100",1993-06,2,Fuel Oil
570,57.7,"Index, 2014=100",1993-07,2,Fuel Oil
571,57.7,"Index, 2014=100",1993-08,2,Fuel Oil
572,57.7,"Index, 2014=100",1993-09,2,Fuel Oil
573,57.7,"Index, 2014=100",1993-10,2,Fuel Oil
574,57.7,"Index, 2014=100",1993-11,2,Fuel Oil
575,57.7,"Index, 2014=100",1993-12,2,Fuel Oil
576,57.7,"Index, 2014=100",1994-01,2,Fuel Oil
577,57.7,"Index, 2014=100",1994-02,2,Fuel Oil
578,57.7,"Index, 2014=100",1994-03,2,Fuel Oil
579,57.7,"Index, 2014=100",1994-04,2,Fuel Oil
580,57.7,"Index, 2014=100",1994-05,2,Fuel Oil
581,57.7,"Index, 2014=100",1994-06,2,Fuel Oil
582,57.7,"Index, 2014=100",1994-07,2,Fuel Oil
583,57.7,"Index, 2014=100",1994-08,2,Fuel Oil
584,57.7,"Index, 2014=100",1994-09,2,Fuel Oil
585,57.7,"Index, 2014=100",1994-10,2,Fuel Oil
586,57.7,"Index, 2014=100",1994-11,2,Fuel Oil
587,57.7,"Index, 2014=100",1994-12,2,Fuel Oil
588,57.7,"Index, 2014=100",1995-01,2,Fuel Oil
589,57.7,"Index, 2014=100",1995-02,2,Fuel Oil
590,57.7,"Index, 2014=100",1995-03,2,Fuel Oil
591,57.7,"Index, 2014=100",1995-04,2,Fuel Oil
592,57.7,"Index, 2014=100",1995-05,2,Fuel Oil
593,57.7,"Index, 2014=100",1995-06,2,Fuel Oil
594,57.7,"Index, 2014=100",1995-07,2,Fuel Oil
595,57.7,"Index, 2014=100",1995-08,2,Fuel Oil
596,57.7,"Index, 2014=100",1995-09,2,Fuel Oil
597,57.7,"Index, 2014=100",1995-10,2,Fuel Oil
598,57.7,"Index, 2014=100",1995-11,2,Fuel Oil
599,57.7,"Index, 2014=100",1995-12,2,Fuel Oil
600,57.7,"Index, 2014=100",1996-01,2,Fuel Oil
601,57.7,"Index, 2014=100",1996-02,2,Fuel Oil
602,58.2,"Index, 2014=100",1996-03,2,Fuel Oil
603,58.2,"Index, 2014=100",1996-04,2,Fuel Oil
604,58.2,"Index, 2014=100",1996-05,2,Fuel Oil
605,58.2,"Index, 2014=100",1996-06,2,Fuel Oil
606,58.2,"Index, 2014=100",1996-07,2,Fuel Oil
607,58.2,"Index, 2014=100",1996-08,2,Fuel Oil
608,58.2,"Index, 2014=100",1996-09,2,Fuel Oil
609,58.2,"Index, 2014=100",1996-10,2,Fuel Oil
610,58.2,"Index, 2014=100",1996-11,2,Fuel Oil
611,58.2,"Index, 2014=100",1996-12,2,Fuel Oil
612,58.2,"Index, 2014=100",1997-01,2,Fuel Oil
613,58.2,"Index, 2014=100",1997-02,2,Fuel Oil
614,58.2,"Index, 2014=100",1997-03,2,Fuel Oil
615,58.2,"Index, 2014=100",1997-04,2,Fuel Oil
616,58.2,"Index, 2014=100",1997-05,2,Fuel Oil
617,58.2,"Index, 2014=100",1997-06,2,Fuel Oil
618,58.2,"Index, 2014=100",1997-07,2,Fuel Oil
619,58.2,"Index, 2014=100",1997-08,2,Fuel Oil
620,58.2,"Index, 2014=100",1997-09,2,Fuel Oil
621,58.2,"Index, 2014=100",1997-10,2,Fuel Oil
622,58.2,"Index, 2014=100",1997-11,2,Fuel Oil
623,58.2,"Index, 2014=100",1997-12,2,Fuel Oil
624,58.2,"Index, 2014=100",1998-01,2,Fuel Oil
625,58.2,"Index, 2014=100",1998-02,2,Fuel Oil
626,58.2,"Index, 2014=100",1998-03,2,Fuel Oil
627,58.2,"Index, 2014=100",1998-04,2,Fuel Oil
628,58.2,"Index, 2014=100",1998-05,2,Fuel Oil
629,58.2,"Index, 2014=100",1998-06,2,Fuel Oil
630,58.2,"Index, 2014=100",1998-07,2,Fuel Oil
631,58.2,"Index, 2014=100",1998-08,2,Fuel Oil
632,58.2,"Index, 2014=100",1998-09,2,Fuel Oil
633,58.2,"Index, 2014=100",1998-10,2,Fuel Oil
634,58.2,"Index, 2014=100",1998-11,2,Fuel Oil
635,58.2,"Index, 2014=100",1998-12,2,Fuel Oil
636,58.2,"Index, 2014=100",1999-01,2,Fuel Oil
637,58.2,"Index, 2014=100",1999-02,2,Fuel Oil
638,58.2,"Index, 2014=100",1999-03,2,Fuel Oil
639,58.2,"Index, 2014=100",1999-04,2,Fuel Oil
640,58.2,"Index, 2014=100",1999-05,2,Fuel Oil
641,58.2,"Index, 2014=100",1999-06,2,Fuel Oil
642,58.2,"Index, 2014=100",1999-07,2,Fuel Oil
643,58.2,"Index, 2014=100",1999-08,2,Fuel Oil
644,58.2,"Index, 2014=100",1999-09,2,Fuel Oil
645,58.2,"Index, 2014=100",1999-10,2,Fuel Oil
646,58.2,"Index, 2014=100",1999-11,2,Fuel Oil
647,58.2,"Index, 2014=100",1999-12,2,Fuel Oil
648,58.2,"Index, 2014=100",2000-01,2,Fuel Oil
649,58.2,"Index, 2014=100",2000-02,2,Fuel Oil
650,58.2,"Index, 2014=100",2000-03,2,Fuel Oil
651,58.2,"Index, 2014=100",2000-04,2,Fuel Oil
652,58.2,"Index, 2014=100",2000-05,2,Fuel Oil
653,58.2,"Index, 2014=100",2000-06,2,Fuel Oil
654,58.2,"Index, 2014=100",2000-07,2,Fuel Oil
655,58.2,"Index, 2014=100",2000-08,2,Fuel Oil
656,58.2,"Index, 2014=100",2000-09,2,Fuel Oil
657,58.2,"Index, 2014=100",2000-10,2,Fuel Oil
658,58.2,"Index, 2014=100",2000-11,2,Fuel Oil
659,58.2,"Index, 2014=100",2000-12,2,Fuel Oil
660,58.2,"Index, 2014=100",2001-01,2,Fuel Oil
661,58.2,"Index, 2014=100",2001-02,2,Fuel Oil
662,58.2,"Index, 2014=100",2001-03,2,Fuel Oil
663,58.2,"Index, 2014=100",2001-04,2,Fuel Oil
664,58.2,"Index, 2014=100",2001-05,2,Fuel Oil
665,58.2,"Index, 2014=100",2001-06,2,Fuel Oil
666,58.2,"Index, 2014=100",2001-07,2,Fuel Oil
667,58.2,"Index, 2014=100",2001-08,2,Fuel Oil
668,58.2,"Index, 2014=100",2001-09,2,Fuel Oil
669,58.2,"Index, 2014=100",2001-10,2,Fuel Oil
670,58.2,"Index, 2014=100",2001-11,2,Fuel Oil
671,58.2,"Index, 2014=100",2001-12,2,Fuel Oil
672,58.2,"Index, 2014=100",2002-01,2,Fuel Oil
673,58.2,"Index, 2014=100",2002-02,2,Fuel Oil
674,58.2,"Index, 2014=100",2002-03,2,Fuel Oil
675,58.2,"Index, 2014=100",2002-04,2,Fuel Oil
676,58.2,"Index, 2014=100",2002-05,2,Fuel Oil
677,58.2,"Index, 2014=100",2002-06,2,Fuel Oil
678,58.2,"Index, 2014=100",2002-07,2,Fuel Oil
679,58.2,"Index, 2014=100",2002-08,2,Fuel Oil
680,58.2,"Index, 2014=100",2002-09,2,Fuel Oil
681,60.4,"Index, 2014=100",2002-10,2,Fuel Oil
682,60.4,"Index, 2014=100",2002-11,2,Fuel Oil
683,60.4,"Index, 2014=100",2002-12,2,Fuel Oil
684,60.4,"Index, 2014=100",2003-01,2,Fuel Oil
685,60.4,"Index, 2014=100",2003-02,2,Fuel Oil
686,60.4,"Index, 2014=100",2003-03,2,Fuel Oil
687,60.4,"Index, 2014=100",2003-04,2,Fuel Oil
688,60.4,"Index, 2014=100",2003-05,2,Fuel Oil
689,60.4,"Index, 2014=100",2003-06,2,Fuel Oil
690,60.4,"Index, 2014=100",2003-07,2,Fuel Oil
691,60.4,"Index, 2014=100",2003-08,2,Fuel Oil
692,60.4,"Index, 2014=100",2003-09,2,Fuel Oil
693,60.4,"Index, 2014=100",2003-10,2,Fuel Oil
694,60.4,"Index, 2014=100",2003-11,2,Fuel Oil
695,60.4,"Index, 2014=100",2003-12,2,Fuel Oil
696,60.4,"Index, 2014=100",2004-01,2,Fuel Oil
697,60.4,"Index, 2014=100",2004-02,2,Fuel Oil
698,60.4,"Index, 2014=100",2004-03,2,Fuel Oil
699,60.4,"Index, 2014=100",2004-04,2,Fuel Oil
700,60.4,"Index, 2014=100",2004-05,2,Fuel Oil
701,60.4,"Index, 2014=100",2004-06,2,Fuel Oil
702,60.4,"Index, 2014=100",2004-07,2,Fuel Oil
703,60.4,"Index, 2014=100",2004-08,2,Fuel Oil
704,60.4,"Index, 2014=100",2004-09,2,Fuel Oil
705,60.4,"Index, 2014=100",2004-10,2,Fuel Oil
706,60.4,"Index, 2014=100",2004-11,2,Fuel Oil
707,60.4,"Index, 2014=100",2004-12,2,Fuel Oil
708,60.4,"Index, 2014=100",2005-01,2,Fuel Oil
709,60.4,"Index, 2014=100",2005-02,2,Fuel Oil
710,60.4,"Index, 2014=100",2005-03,2,Fuel Oil
711,63.8,"Index, 2014=100",2005-04,2,Fuel Oil
712,63.8,"Index, 2014=100",2005-05,2,Fuel Oil
713,63.8,"Index, 2014=100",2005-06,2,Fuel Oil
714,63.8,"Index, 2014=100",2005-07,2,Fuel Oil
715,63.8,"Index, 2014=100",2005-08,2,Fuel Oil
716,63.8,"Index, 2014=100",2005-09,2,Fuel Oil
717,63.8,"Index, 2014=100",2005-10,2,Fuel Oil
718,63.8,"Index, 2014=100",2005-11,2,Fuel Oil
719,63.8,"Index, 2014=100",2005-12,2,Fuel Oil
720,63.8,"Index, 2014=100",2006-01,2,Fuel Oil
721,63.8,"Index, 2014=100",2006-02,2,Fuel Oil
722,70.6,"Index, 2014=100",2006-03,2,Fuel Oil
723,70.6,"Index, 2014=100",2006-04,2,Fuel Oil
724,70.6,"Index, 2014=100",2006-05,2,Fuel Oil
725,70.6,"Index, 2014=100",2006-06,2,Fuel Oil
726,70.6,"Index, 2014=100",2006-07,2,Fuel Oil
727,70.6,"Index, 2014=100",2006-08,2,Fuel Oil
728,70.6,"Index, 2014=100",2006-09,2,Fuel Oil
729,70.6,"Index, 2014=100",2006-10,2,Fuel Oil
730,70.6,"Index, 2014=100",2006-11,2,Fuel Oil
731,70.6,"Index, 2014=100",2006-12,2,Fuel Oil
732,70.6,"Index, 2014=100",2007-01,2,Fuel Oil
733,70.6,"Index, 2014=100",2007-02,2,Fuel Oil
734,70.6,"Index, 2014=100",2007-03,2,Fuel Oil
735,70.6,"Index, 2014=100",2007-04,2,Fuel Oil
736,70.6,"Index, 2014=100",2007-05,2,Fuel Oil
737,70.6,"Index, 2014=100",2007-06,2,Fuel Oil
738,70.6,"Index, 2014=100",2007-07,2,Fuel Oil
739,70.6,"Index, 2014=100",2007-08,2,Fuel Oil
740,70.6,"Index, 2014=100",2007-09,2,Fuel Oil
741,70.6,"Index, 2014=100",2007-10,2,Fuel Oil
742,70.6,"Index, 2014=100",2007-11,2,Fuel Oil
743,70.6,"Index, 2014=100",2007-12,2,Fuel Oil
744,73.6,"Index, 2014=100",2008-01,2,Fuel Oil
745,73.6,"Index, 2014=100",2008-02,2,Fuel Oil
746,73.6,"Index, 2014=100",2008-03,2,Fuel Oil
747,73.6,"Index, 2014=100",2008-04,2,Fuel Oil
748,73.6,"Index, 2014=100",2008-05,2,Fuel Oil
749,73.6,"Index, 2014=100",2008-06,2,Fuel Oil
750,73.6,"Index, 2014=100",2008-07,2,Fuel Oil
751,73.6,"Index, 2014=100",2008-08,2,Fuel Oil
752,73.6,"Index, 2014=100",2008-09,2,Fuel Oil
753,73.6,"Index, 2014=100",2008-10,2,Fuel Oil
754,73.6,"Index, 2014=100",2008-11,2,Fuel Oil
755,73.6,"Index, 2014=100",2008-12,2,Fuel Oil
756,80.5,"Index, 2014=100",2009-01,2,Fuel Oil
757,80.5,"Index, 2014=100",2009-02,2,Fuel Oil
758,80.5,"Index, 2014=100",2009-03,2,Fuel Oil
759,80.5,"Index, 2014=100",2009-04,2,Fuel Oil
760,80.5,"Index, 2014=100",2009-05,2,Fuel Oil
761,80.5,"Index, 2014=100",2009-06,2,Fuel Oil
762,80.5,"Index, 2014=100",2009-07,2,Fuel Oil
763,80.5,"Index, 2014=100",2009-08,2,Fuel Oil
764,80.5,"Index, 2014=100",2009-09,2,Fuel Oil
765,80.5,"Index, 2014=100",2009-10,2,Fuel Oil
766,80.5,"Index, 2014=100",2009-11,2,Fuel Oil
767,80.5,"Index, 2014=100",2009-12,2,Fuel Oil
768,80.0,"Index, 2014=100",2010-01,2,Fuel Oil
769,80.0,"Index, 2014=100",2010-02,2,Fuel Oil
770,80.0,"Index, 2014=100",2010-03,2,Fuel Oil
771,80.0,"Index, 2014=100",2010-04,2,Fuel Oil
772,80.0,"Index, 2014=100",2010-05,2,Fuel Oil
773,80.0,"Index, 2014=100",2010-06,2,Fuel Oil
774,80.0,"Index, 2014=100",2010-07,2,Fuel Oil
775,80.0,"Index, 2014=100",2010-08,2,Fuel Oil
776,80.0,"Index, 2014=100",2010-09,2,Fuel Oil
777,80.0,"Index, 2014=100",2010-10,2,Fuel Oil
778,80.0,"Index, 2014=100",2010-11,2,Fuel Oil
779,80.0,"Index, 2014=100",2010-12,2,Fuel Oil
780,85.3,"Index, 2014=100",2011-01,2,Fuel Oil
781,85.3,"Index, 2014=100",2011-02,2,Fuel Oil
782,85.3,"Index, 2014=100",2011-03,2,Fuel Oil
783,85.3,"Index, 2014=100",2011-04,2,Fuel Oil
784,85.3,"Index, 2014=100",2011-05,2,Fuel Oil
785,85.3,"Index, 2014=100",2011-06,2,Fuel Oil
786,85.3,"Index, 2014=100",2011-07,2,Fuel Oil
787,85.3,"Index, 2014=100",2011-08,2,Fuel Oil
788,85.3,"Index, 2014=100",2011-09,2,Fuel Oil
789,85.3,"Index, 2014=100",2011-10,2,Fuel Oil
790,85.3,"Index, 2014=100",2011-11,2,Fuel Oil
791,85.3,"Index, 2014=100",2011-12,2,Fuel Oil
792,91.5,"Index, 2014=100",2012-01,2,Fuel Oil
793,91.5,"Index, 2014=100",2012-02,2,Fuel Oil
794,91.5,"Index, 2014=100",2012-03,2,Fuel Oil
795,91.5,"Index, 2014=100",2012-04,2,Fuel Oil
796,91.5,"Index, 2014=100",2012-05,2,Fuel Oil
797,91.5,"Index, 2014=100",2012-06,2,Fuel Oil
798,91.5,"Index, 2014=100",2012-07,2,Fuel Oil
799,91.5,"Index, 2014=100",2012-08,2,Fuel Oil
800,91.5,"Index, 2014=100",2012-09,2,Fuel Oil
801,91.5,"Index, 2014=100",2012-10,2,Fuel Oil
802,91.5,"Index, 2014=100",2012-11,2,Fuel Oil
803,91.5,"Index, 2014=100",2012-12,2,Fuel Oil
804,95.0,"Index, 2014=100",2013-01,2,Fuel Oil
805,95.0,"Index, 2014=100",2013-02,2,Fuel Oil
806,95.0,"Index, 2014=100",2013-03,2,Fuel Oil
807,95.0,"Index, 2014=100",2013-04,2,Fuel Oil
808,95.0,"Index, 2014=100",2013-05,2,Fuel Oil
809,95.0,"Index, 2014=100",2013-06,2,Fuel Oil
810,95.0,"Index, 2014=100",2013-07,2,Fuel Oil
811,95.0,"Index, 2014=100",2013-08,2,Fuel Oil
812,95.0,"Index, 2014=100",2013-09,2,Fuel Oil
813,95.0,"Index, 2014=100",2013-10,2,Fuel Oil
814,95.0,"Index, 2014=100",2013-11,2,Fuel Oil
815,95.0,"Index, 2014=100",2013-12,2,Fuel Oil
816,100.0,"Index, 2014=100",2014-01,2,Fuel Oil
817,100.0,"Index, 2014=100",2014-02,2,Fuel Oil
818,100.0,"Index, 2014=100",2014-03,2,Fuel Oil
819,100.0,"Index, 2014=100",2014-04,2,Fuel Oil
820,100.0,"Index, 2014=100",2014-05,2,Fuel Oil
821,100.0,"Index, 2014=100",2014-06,2,Fuel Oil
822,100.0,"Index, 2014=100",2014-07,2,Fuel Oil
823,100.0,"Index, 2014=100",2014-08,2,Fuel Oil
824,100.0,"Index, 2014=100",2014-09,2,Fuel Oil
825,100.0,"Index, 2014=100",2014-10,2,Fuel Oil
826,100.0,"Index, 2014=100",2014-11,2,Fuel Oil
827,100.0,"Index, 2014=100",2014-12,2,Fuel Oil
828,101.5,"Index, 2014=100",2015-01,2,Fuel Oil
829,101.5,"Index, 2014=100",2015-02,2,Fuel Oil
830,101.5,"Index, 2014=100",2015-03,2,Fuel Oil
831,101.5,"Index, 2014=100",2015-04,2,Fuel Oil
832,101.5,"Index, 2014=100",2015-05,2,Fuel Oil
833,101.5,"Index, 2014=100",2015-06,2,Fuel Oil
834,101.5,"Index, 2014=100",2015-07,2,Fuel Oil
835,101.5,"Index, 2014=100",2015-08,2,Fuel Oil
836,101.5,"Index, 2014=100",2015-09,2,Fuel Oil
837,101.5,"Index, 2014=100",2015-10,2,Fuel Oil
838,101.5,"Index, 2014=100",2015-11,2,Fuel Oil
839,101.5,"Index, 2014=100",2015-12,2,Fuel Oil
840,101.5,"Index, 2014=100",2016-01,2,Fuel Oil
841,101.5,"Index, 2014=100",2016-02,2,Fuel Oil
842,101.5,"Index, 2014=100",2016-03,2,Fuel Oil
843,101.5,"Index, 2014=100",2016-04,2,Fuel Oil
844,101.5,"Index, 2014=100",2016-05,2,Fuel Oil
845,101.5,"Index, 2014=100",2016-06,2,Fuel Oil
846,101.5,"Index, 2014=100",2016-07,2,Fuel Oil
847,101.5,"Index, 2014=100",2016-08,2,Fuel Oil
848,101.5,"Index, 2014=100",2016-09,2,Fuel Oil
849,101.5,"Index, 2014=100",2016-10,2,Fuel Oil
850,101.5,"Index, 2014=100",2016-11,2,Fuel Oil
851,101.5,"Index, 2014=100",2016-12,2,Fuel Oil
852,103.9,"Index, 2014=100",2017-01,2,Fuel Oil
853,103.9,"Index, 2014=100",2017-02,2,Fuel Oil
854,103.9,"Index, 2014=100",2017-03,2,Fuel Oil
855,103.9,"Index, 2014=100",2017-04,2,Fuel Oil
856,103.9,"Index, 2014=100",2017-05,2,Fuel Oil
857,103.9,"Index, 2014=100",2017-06,2,Fuel Oil
858,103.9,"Index, 2014=100",2017-07,2,Fuel Oil
859,103.9,"Index, 2014=100",2017-08,2,Fuel Oil
860,103.9,"Index, 2014=100",2017-09,2,Fuel Oil
861,103.9,"Index, 2014=100",2017-10,2,Fuel Oil
862,103.9,"Index, 2014=100",2017-11,2,Fuel Oil
863,103.9,"Index, 2014=100",2017-12,2,Fuel Oil
864,106.4,"Index, 2014=100",2018-01,2,Fuel Oil
865,106.4,"Index, 2014=100",2018-02,2,Fuel Oil
866,106.4,"Index, 2014=100",2018-03,2,Fuel Oil
867,106.4,"Index, 2014=100",2018-04,2,Fuel Oil
868,106.4,"Index, 2014=100",2018-05,2,Fuel Oil
869,106.4,"Index, 2014=100",2018-06,2,Fuel Oil
870,106.4,"Index, 2014=100",2018-07,2,Fuel Oil
871,106.4,"Index, 2014=100",2018-08,2,Fuel Oil
872,106.4,"Index, 2014=100",2018-09,2,Fuel Oil
873,106.4,"Index, 2014=100",2018-10,2,Fuel Oil
874,106.4,"Index, 2014=100",2018-11,2,Fuel Oil
875,106.4,"Index, 2014=100",2018-12,2,Fuel Oil
876,108.9,"Index, 2014=100",2019-01,2,Fuel Oil
877,108.9,"Index, 2014=100",2019-02,2,Fuel Oil
878,108.9,"Index, 2014=100",2019-03,2,Fuel Oil
879,108.9,"Index, 2014=100",2019-04,2,Fuel Oil
880,108.9,"Index, 2014=100",2019-05,2,Fuel Oil
881,108.9,"Index, 2014=100",2019-06,2,Fuel Oil
882,108.9,"Index, 2014=100",2019-07,2,Fuel Oil
883,108.9,"Index, 2014=100",2019-08,2,Fuel Oil
884,108.9,"Index, 2014=100",2019-09,2,Fuel Oil
885,108.9,"Index, 2014=100",2019-10,2,Fuel Oil
886,108.9,"Index, 2014=100",2019-11,2,Fuel Oil
887,108.9,"Index, 2014=100",2019-12,2,Fuel Oil
888,112.4,"Index, 2014=100",2020-01,2,Fuel Oil
889,112.4,"Index, 2014=100",2020-02,2,Fuel Oil
890,112.4,"Index, 2014=100",2020-03,2,Fuel Oil
891,112.4,"Index, 2014=100",2020-04,2,Fuel Oil
892,112.4,"Index, 2014=100",2020-05,2,Fuel Oil
893,112.4,"Index, 2014=100",2020-06,2,Fuel Oil
894,112.4,"Index, 2014=100",2020-07,2,Fuel Oil
895,112.4,"Index, 2014=100",2020-08,2,Fuel Oil
896,112.4,"Index, 2014=100",2020-09,2,Fuel Oil
897,112.4,"Index, 2014=100",2020-10,2,Fuel Oil
898,112.4,"Index, 2014=100",2020-11,2,Fuel Oil
899,112.4,"Index, 2014=100",2020-12,2,Fuel Oil
900,112.4,"Index, 2014=100",2021-01,2,Fuel Oil
901,112.4,"Index, 2014=100",2021-02,2,Fuel Oil
902,112.4,"Index, 2014=100",2021-03,2,Fuel Oil
903,112.4,"Index, 2014=100",2021-04,2,Fuel Oil
904,112.4,"Index, 2014=100",2021-05,2,Fuel Oil
905,112.4,"Index, 2014=100",2021-06,2,Fuel Oil
906,112.4,"Index, 2014=100",2021-07,2,Fuel Oil
907,112.4,"Index, 2014=100",2021-08,2,Fuel Oil
908,112.4,"Index, 2014=100",2021-09,2,Fuel Oil
909,112.4,"Index, 2014=100",2021-10,2,Fuel Oil
910,112.4,"Index, 2014=100",2021-11,2,Fuel Oil
911,112.4,"Index, 2014=100",2021-12,2,Fuel Oil
912,114.0,"Index, 2014=100",2022-01,2,Fuel Oil
913,114.0,"Index, 2014=100",2022-02,2,Fuel Oil
914,114.0,"Index, 2014=100",2022-03,2,Fuel Oil
915,114.0,"Index, 2014=100",2022-04,2,Fuel Oil
916,114.0,"Index, 2014=100",2022-05,2,Fuel Oil
917,114.0,"Index, 2014=100",2022-06,2,Fuel Oil
918,114.0,"Index, 2014=100",2022-07,2,Fuel Oil
919,114.0,"Index, 2014=100",2022-08,2,Fuel Oil
920,114.0,"Index, 2014=100",2022-09,2,Fuel Oil
921,114.0,"Index, 2014=100",2022-10,2,Fuel Oil
922,114.0,"Index, 2014=100",2022-11,2,Fuel Oil
923,114.0,"Index, 2014=100",2022-12,2,Fuel Oil
924,114.0,"Index, 2014=100",2023-01,2,Fuel Oil
925,114.0,"Index, 2014=100",2023-02,2,Fuel Oil
926,114.0,"Index, 2014=100",2023-03,2,Fuel Oil
927,114.0,"Index, 2014=100",2023-04,2,Fuel Oil
928,122.2,"Index, 2014=100",2023-05,2,Fuel Oil
929,122.2,"Index, 2014=100",2023-06,2,Fuel Oil
930,122.2,"Index, 2014=100",2023-07,2,Fuel Oil
931,122.2,"Index, 2014=100",2023-08,2,Fuel Oil
932,122.2,"Index, 2014=100",2023-09,2,Fuel Oil
933,122.2,"Index, 2014=100",2023-10,2,Fuel Oil
934,122.2,"Index, 2014=100",2023-11,2,Fuel Oil
935,122.2,"Index, 2014=100",2023-12,2,Fuel Oil
936,129.9,"Index, 2014=100",2024-01,2,Fuel Oil
937,129.9,"Index, 2014=100",2024-02,2,Fuel Oil
938,129.9,"Index, 2014=100",2024-03,2,Fuel Oil
939,129.9,"Index, 2014=100",2024-04,2,Fuel Oil
940,131.8,"Index, 2014=100",2024-05,2,Fuel Oil
941,131.8,"Index, 2014=100",2024-06,2,Fuel Oil
942,131.8,"Index, 2014=100",2024-07,2,Fuel Oil
943,131.8,"Index, 2014=100",2024-08,2,Fuel Oil
944,131.8,"Index, 2014=100",2024-09,2,Fuel Oil
945,131.8,"Index, 2014=100",2024-10,2,Fuel Oil
946,131.8,"Index, 2014=100",2024-11,2,Fuel Oil
947,131.8,"Index, 2014=100",2024-12,2,Fuel Oil
